{
    "openapi": "3.0.0",
    "info": {
        "title": "Ords",
        "version": "1.0.0"
    },
    "servers": [
        {
            "url": "https://ufotn83h3ng6a3g-oicpmdemo.adb.us-ashburn-1.oraclecloudapps.com/ords",
            "description": "Ords",
            "x-vb": {
                "anonymousAccess": true
            }
        }
    ],
    "paths": {
        "/demodb/application/search/order": {
            "get": {
                "operationId": "getSearchOrder",
                "parameters": [
                    {
                        "name": "p_orderId",
                        "in": "query",
                        "schema": {
                            "type": "string"
                        }
                    }
                ],
                "responses": {
                    "default": {
                        "description": "Response for default",
                        "content": {
                            "application/json": {
                                "schema": {
                                    "$ref": "#/components/schemas/GetZelarsoftINTATPApplicationSearchOrder"
                                },
                                "examples": {
                                    "vb": {
                                        "summary": "Example stored by VB User",
                                        "externalValue": "./examples/getSearchOrder/response_default_application_json_vb.json"
                                    }
                                }
                            }
                        }
                    }
                },
                "x-vb": {
                    "actionHint": "getMany"
                }
            }
        }
    },
    "components": {
        "schemas": {
            "GetZelarsoftINTATPApplicationSearchOrder": {
                "type": "object",
                "properties": {
                    "items": {
                        "type": "array",
                        "items": {
                            "type": "object",
                            "properties": {
                                "order_id": {
                                    "type": "integer"
                                },
                                "region": {
                                    "type": "string"
                                },
                                "country": {
                                    "type": "string"
                                },
                                "item_type": {
                                    "type": "string"
                                },
                                "sales_channel": {
                                    "type": "string"
                                },
                                "order_priority": {
                                    "type": "string"
                                },
                                "order_date": {
                                    "type": "string"
                                },
                                "ship_date": {
                                    "type": "string"
                                },
                                "units_sold": {
                                    "type": "integer"
                                },
                                "unit_price": {
                                    "type": "number"
                                },
                                "unit_cost": {
                                    "type": "number"
                                },
                                "total_revenue": {
                                    "type": "integer"
                                },
                                "total_cost": {
                                    "type": "number"
                                },
                                "total_profit": {
                                    "type": "number"
                                }
                            }
                        }
                    },
                    "hasMore": {
                        "type": "boolean"
                    },
                    "limit": {
                        "type": "integer"
                    },
                    "offset": {
                        "type": "integer"
                    },
                    "count": {
                        "type": "integer"
                    },
                    "links": {
                        "type": "array",
                        "items": {
                            "type": "object",
                            "properties": {
                                "rel": {
                                    "type": "string"
                                },
                                "href": {
                                    "type": "string"
                                }
                            }
                        }
                    }
                }
            }
        }
    }
}