{
    "items": [
        {
            "order_id": 66000001,
            "region": "Australia and Oceania",
            "country": "Tuvalu",
            "item_type": "Baby Food",
            "sales_channel": "Offline",
            "order_priority": "H",
            "order_date": "2010-05-28T00:00:00Z",
            "ship_date": "2010-06-27T00:00:00Z",
            "units_sold": 9925,
            "unit_price": 255.28,
            "unit_cost": 159.42,
            "total_revenue": 2533654,
            "total_cost": 1582243.5,
            "total_profit": 951410.5
        },
        {
            "order_id": 66000002,
            "region": "Central America and the Caribbean",
            "country": "Grenada",
            "item_type": "Cereal",
            "sales_channel": "Online",
            "order_priority": "C",
            "order_date": "2012-08-22T00:00:00Z",
            "ship_date": "2012-09-15T00:00:00Z",
            "units_sold": 2804,
            "unit_price": 205.7,
            "unit_cost": 117.11,
            "total_revenue": 576782.8,
            "total_cost": 328376.44,
            "total_profit": 248406.36
        },
        {
            "order_id": 66000003,
            "region": "Europe",
            "country": "Russia",
            "item_type": "Office Supplies",
            "sales_channel": "Offline",
            "order_priority": "L",
            "order_date": "2014-05-02T00:00:00Z",
            "ship_date": "2014-05-08T00:00:00Z",
            "units_sold": 1779,
            "unit_price": 651.21,
            "unit_cost": 524.96,
            "total_revenue": 1158502.59,
            "total_cost": 933903.84,
            "total_profit": 224598.75
        },
        {
            "order_id": 66000004,
            "region": "Sub-Saharan Africa",
            "country": "Sao Tome and Principe",
            "item_type": "Fruits",
            "sales_channel": "Online",
            "order_priority": "C",
            "order_date": "2014-06-20T00:00:00Z",
            "ship_date": "2014-07-05T00:00:00Z",
            "units_sold": 8102,
            "unit_price": 9.33,
            "unit_cost": 6.92,
            "total_revenue": 75591.66,
            "total_cost": 56065.84,
            "total_profit": 19525.82
        },
        {
            "order_id": 66000005,
            "region": "Sub-Saharan Africa",
            "country": "Rwanda",
            "item_type": "Office Supplies",
            "sales_channel": "Offline",
            "order_priority": "L",
            "order_date": "2013-02-01T00:00:00Z",
            "ship_date": "2013-02-06T00:00:00Z",
            "units_sold": 5062,
            "unit_price": 651.21,
            "unit_cost": 524.96,
            "total_revenue": 3296425.02,
            "total_cost": 2657347.52,
            "total_profit": 639077.5
        }
    ],
    "hasMore": false,
    "limit": 0,
    "offset": 0,
    "count": 5,
    "links": [
        {
            "rel": "self",
            "href": "https://gf8dc5cbcebcf3c-zelarsoftatp.adb.us-sanjose-1.oraclecloudapps.com/ords/ZelarsoftINTATP/application/search/order"
        },
        {
            "rel": "describedby",
            "href": "https://gf8dc5cbcebcf3c-zelarsoftatp.adb.us-sanjose-1.oraclecloudapps.com/ords/ZelarsoftINTATP/metadata-catalog/application/search/item"
        }
    ]
}