{
  "title": "Item 1",
  "description": "",
  "variables": {
    "columnDtl": {
      "type": "object[]",
      "defaultValue": [
        {
          "headerText": "Order Id",
          "field": "order_id",
          "template": "edit",
          "width": 200
        },
        {
          "headerText": "Item Type",
          "field": "item_type",
          "width": 200
        },
        {
          "headerText": "Unit Price",
          "field": "unit_price",
          "template": "lunit_price",
          "width": 180
        },
        {
          "headerText": "Units Sold",
          "field": "units_sold",
          "template": "lunits_sold",
          "width": 450
        },
        {
          "headerText": "Total Cost",
          "field": "total_cost",
          "template": "ltotal_cost",
          "width": 200
        }
      ]
    },
    "pagingSearchOrder": {
      "type": "any"
    },
    "searchObj": {
      "type": {
        "p_orderId": "string"
      }
    }

  },
  "metadata": {},
  "types": {},
  "eventListeners": {
    "buttonAction": {
      "chains": [
        {
          "chainId": "onSearch"
        }
      ]
    },
    "buttonAction2": {
      "chains": [
        {
          "chainId": "onReset"
        }
      ]
    },
    "toggleDrawer": {
      "chains": [
        {
          "chainId": "application:toggleDrawerHandler"
        }
      ]
    },
    "vbEnter": {
      "chains": [
        {
          "parameters": {},
          "chainId": "loading"
        }
      ]
    }

  },
  "imports": {
    "components": {
      "oj-button": {
        "path": "ojs/ojbutton"
      },
      "oj-dialog": {
        "path": "ojs/ojdialog"
      },
      "oj-form-layout": {
        "path": "ojs/ojformlayout"
      },
      "oj-input-date": {
        "path": "ojs/ojdatetimepicker"
      },
      "oj-input-number": {
        "path": "ojs/ojinputnumber"
      },
      "oj-input-text": {
        "path": "ojs/ojinputtext"
      },
      "oj-paging-control": {
        "path": "ojs/ojpagingcontrol"
      },
      "oj-select-single": {
        "path": "ojs/ojselectsingle"
      },
      "oj-table": {
        "path": "ojs/ojtable"
      },
      "oj-text-area": {
        "path": "ojs/ojinputtext"
      },
      "oj-validation-group": {
        "path": "ojs/ojvalidationgroup"
      }
    },
    "modules": {
      "ojValidationDateTime": {
        "path": "ojs/ojvalidation-datetime"
      },
      "ojValidationNumber": {
        "path": "ojs/ojvalidation-number"
      }
    }
  }
}