{
  "root": "callRestGetSearchOrder",
  "description": "",
  "actions": {
    "fireNotification": {
      "module": "vb/action/builtin/fireNotificationEventAction",
      "parameters": {
        "target": "leaf",
        "summary": "[[ $chain.results.callRestGetSearchOrder.message.summary ]]",
        "type": "error",
        "displayMode": "persist"
      }
    },
    "callRestGetSearchOrder": {
      "module": "vb/action/builtin/restAction",
      "parameters": {
        "endpoint": "OrdsAPI/getSearchOrder",
        "uriParams": {
          "p_orderId": "{{ $page.variables.searchObj.p_orderId }}"
        }
      },
      "outcomes": {
        "failure": "fireNotification",
        "success": "callFunctionPagingSearchOrder"
      }
    },
    "callFunctionPagingSearchOrder": {
      "module": "vb/action/builtin/callModuleFunctionAction",
      "parameters": {
        "module": "[[ $functions ]]",
        "functionName": "pagingSearchOrder",
        "params": [
          "{{ $chain.results.callRestGetSearchOrder.body.items }}"
        ]
      },
      "outcomes": {
        "success": "assignVariablesPagingSearchOrder"
      }
    },
    "assignVariablesPagingSearchOrder": {
      "module": "vb/action/builtin/assignVariablesAction",
      "parameters": {
        "$page.variables.pagingSearchOrder": {
          "source": "{{ $chain.results.callFunctionPagingSearchOrder }}"
        }
      }
    }
  }
}