{
  "description": "",
  "root": "assignVariablesSearchObj",
  "actions": {
    "assignVariablesSearchObj": {
      "module": "vb/action/builtin/assignVariablesAction",
      "parameters": {
        "$page.variables.searchObj": {
          "auto": "always",
          "reset": "toDefault"
        }
      },
      "outcomes": {
        "success": "callChainLoadOrder"
      }
    },
    "callChainLoadOrder": {
      "module": "vb/action/builtin/callChainAction",
      "parameters": {
        "id": "loadOrder"
      }
    }
  },
  "variables": {}
}